n_components,Metric,Method A,Method B,Mean A,Mean B,t-statistic,p-value,Cohen's d,p-value (Holm-adjusted),Significant (α=0.05)
5,Accuracy,PCA,GRP,0.9837624223602484,0.728580745341615,50.59231138975976,1.1368102982402504e-32,14.309666583840212,4.206198103488927e-31,True
5,Accuracy,PCA,SRP,0.9837624223602484,0.5810046583850932,57.27886489000268,9.203095452757684e-31,16.200909512955576,3.2210834084651893e-29,True
5,Accuracy,PCA,KPCA (RBF),0.9837624223602484,0.936079192546584,11.764598865040801,2.923443895367301e-14,3.3275310541639644,6.139232180271332e-13,True
5,Accuracy,PCA,KPCA (Polynomial),0.9837624223602484,0.9770217391304348,2.221281764694261,0.031155843484289056,0.6282733594965331,0.08876386634546199,False
5,Accuracy,GRP,SRP,0.728580745341615,0.5810046583850932,18.055941355603995,1.4899890211577578e-21,5.106991429301683,3.7249725528943946e-20,True
5,Accuracy,GRP,KPCA (RBF),0.728580745341615,0.936079192546584,-35.69730574212672,1.4773832258769415e-34,-10.096722784138915,5.909532903507766e-33,True
5,Accuracy,GRP,KPCA (Polynomial),0.728580745341615,0.9770217391304348,-48.198963274281034,1.4585781610757612e-33,-13.63272551096219,5.542597012087893e-32,True
5,Accuracy,SRP,KPCA (RBF),0.5810046583850932,0.936079192546584,-46.70848552583434,6.050116392115421e-34,-13.211154741708468,2.359545392925014e-32,True
5,Accuracy,SRP,KPCA (Polynomial),0.5810046583850932,0.9770217391304348,-55.6885586219022,2.3420569398943863e-31,-15.751102974420652,8.431404983619791e-30,True
5,Accuracy,KPCA (RBF),KPCA (Polynomial),0.936079192546584,0.9770217391304348,-9.771599161369267,2.8354285919417e-12,-2.763825612016396,4.53668574710672e-11,True
10,Accuracy,PCA,GRP,0.9957515527950308,0.8037158385093168,37.132001363028124,2.633712698963578e-24,10.502515985130124,6.847653017305303e-23,True
10,Accuracy,PCA,SRP,0.9957515527950308,0.7837577639751554,42.50250930220153,5.808757125014352e-26,12.021525018012406,1.7426271375043054e-24,True
10,Accuracy,PCA,KPCA (RBF),0.9957515527950308,0.9657888198757764,9.802581761447648,4.591044858558032e-11,2.7725888146620807,6.427462801981245e-10,True
10,Accuracy,PCA,KPCA (Polynomial),0.9957515527950308,0.9912562111801244,2.4560658878093475,0.0179453466009243,0.6946803377243791,0.08876386634546199,False
10,Accuracy,GRP,SRP,0.8037158385093168,0.7837577639751554,2.8484261637111112,0.006454300093504834,0.8056565824277239,0.04518010065453384,True
10,Accuracy,GRP,KPCA (RBF),0.8037158385093168,0.9657888198757764,-27.977450506229236,7.010735147801991e-27,-7.91321798930628,2.313542598774657e-25,True
10,Accuracy,GRP,KPCA (Polynomial),0.8037158385093168,0.9912562111801244,-35.71984536245411,7.727974553687761e-25,-10.103097951490462,2.2411126205694508e-23,True
10,Accuracy,SRP,KPCA (RBF),0.7837577639751554,0.9657888198757764,-32.33572251193436,1.273316005890691e-29,-9.145923465102115,4.329274420028349e-28,True
10,Accuracy,SRP,KPCA (Polynomial),0.7837577639751554,0.9912562111801244,-40.93271709780587,1.1453144780937039e-26,-11.577520732899627,3.550474882090482e-25,True
10,Accuracy,KPCA (RBF),KPCA (Polynomial),0.9657888198757764,0.9912562111801244,-7.988977584625337,1.8725390851633237e-09,-2.25962408993436,1.872539085163324e-08,True
25,Accuracy,PCA,GRP,0.9985,0.8938649068322981,19.834520402899045,6.699521131053268e-17,5.610049551389139,1.5408898601422516e-15,True
25,Accuracy,PCA,SRP,0.9985,0.8851475155279503,36.06785153079043,9.602651521455872e-25,10.201528960100603,2.688742426007644e-23,True
25,Accuracy,PCA,KPCA (RBF),0.9985,0.9677888198757764,10.113032859878173,7.98454385256074e-11,2.860397645432896,1.0379907008328963e-09,True
25,Accuracy,PCA,KPCA (Polynomial),0.9985,0.994253105590062,2.6860388961694284,0.010484570507938001,0.7597265272048926,0.062907423047628,False
25,Accuracy,GRP,SRP,0.8938649068322981,0.8851475155279503,1.446249050936059,0.1561832814194448,0.4090610044805983,0.1561832814194448,False
25,Accuracy,GRP,KPCA (RBF),0.8938649068322981,0.9677888198757764,-12.376301034068394,7.441021067186943e-15,-3.5005465548783365,1.6370246347811273e-13,True
25,Accuracy,GRP,KPCA (Polynomial),0.8938649068322981,0.994253105590062,-18.656179771356367,4.995818104695165e-17,-5.276764490944553,1.1989963451268396e-15,True
25,Accuracy,SRP,KPCA (RBF),0.8851475155279503,0.9677888198757764,-19.629803676394474,1.4741062772020839e-24,-5.552146917175661,3.9800869484456266e-23,True
25,Accuracy,SRP,KPCA (Polynomial),0.8851475155279503,0.994253105590062,-32.89388895114708,7.21247544572153e-27,-9.303796774781341,2.313542598774657e-25,True
25,Accuracy,KPCA (RBF),KPCA (Polynomial),0.9677888198757764,0.994253105590062,-8.227223921312342,1.4167098933534569e-09,-2.3270103300400544,1.5583808826888026e-08,True
50,Accuracy,PCA,GRP,0.9995,0.9620419254658386,14.018050505712262,2.703738416066012e-13,3.964903428641861,4.59635530731222e-12,True
50,Accuracy,PCA,SRP,0.9995,0.9428229813664598,14.255040273421404,2.5409193995626284e-13,4.0319342573694446,4.573654919212731e-12,True
50,Accuracy,PCA,KPCA (RBF),0.9995,0.971027950310559,11.17433957950676,3.4210461211853335e-11,3.160580516780186,5.131569181778e-10,True
50,Accuracy,PCA,KPCA (Polynomial),0.9995,0.996501552795031,2.505729953307566,0.018228933220061708,0.7087274567224124,0.08876386634546199,False
50,Accuracy,GRP,SRP,0.9620419254658386,0.9428229813664598,4.03304710565811,0.00022803407633181165,1.1407179829022511,0.0018242726106544932,True
50,Accuracy,GRP,KPCA (RBF),0.9620419254658386,0.971027950310559,-2.45544266611413,0.017752773269092397,-0.6945040640096308,0.08876386634546199,False
50,Accuracy,GRP,KPCA (Polynomial),0.9620419254658386,0.996501552795031,-11.937660447554983,1.8630430122924954e-13,-3.3764802615874254,3.726086024584991e-12,True
50,Accuracy,SRP,KPCA (RBF),0.9428229813664598,0.971027950310559,-6.00504780957587,4.3551354016281735e-07,-1.6984840110002084,3.919621861465356e-06,True
50,Accuracy,SRP,KPCA (Polynomial),0.9428229813664598,0.996501552795031,-13.018827615925105,2.14357222232706e-13,-3.6822805161277343,4.072787222421414e-12,True
50,Accuracy,KPCA (RBF),KPCA (Polynomial),0.971027950310559,0.996501552795031,-9.189253431804904,1.1227301415290365e-10,-2.5991133662684005,1.347276169834844e-09,True
5,Macro Precision,PCA,GRP,0.9814968620184712,0.7118659635436414,45.99184075450661,5.957091774780163e-31,13.008456990705378,2.382836709912065e-29,True
5,Macro Precision,PCA,SRP,0.9814968620184712,0.5909825143834422,45.02394417715318,2.5991759139187428e-27,12.734694497371834,9.616950881499349e-26,True
5,Macro Precision,PCA,KPCA (RBF),0.9814968620184712,0.9607680563786716,6.319388204450264,8.194615922489079e-08,1.7873929009268248,7.375154330240171e-07,True
5,Macro Precision,PCA,KPCA (Polynomial),0.9814968620184712,0.9794693127398524,0.6899067974738822,0.49369809454132624,0.19513510995219047,0.9873961890826525,False
5,Macro Precision,GRP,SRP,0.7118659635436414,0.5909825143834422,12.131088548738536,3.7106274605945934e-15,3.4311899903949965,8.534443159367565e-14,True
5,Macro Precision,GRP,KPCA (RBF),0.7118659635436414,0.9607680563786716,-42.17654472221069,3.274975421290874e-30,-11.929328312037148,1.277240414303441e-28,True
5,Macro Precision,GRP,KPCA (Polynomial),0.7118659635436414,0.9794693127398524,-46.79392522467928,2.4157099049927374e-29,-13.23532073788278,9.179697638972401e-28,True
5,Macro Precision,SRP,KPCA (RBF),0.5909825143834422,0.9607680563786716,-42.50511112373141,7.525241055113451e-27,-12.022260924271293,2.7090867798408424e-25,True
5,Macro Precision,SRP,KPCA (Polynomial),0.5909825143834422,0.9794693127398524,-45.294406428120546,1.498050749473673e-26,-12.811192774057432,5.243177623157856e-25,True
5,Macro Precision,KPCA (RBF),KPCA (Polynomial),0.9607680563786716,0.9794693127398524,-6.201435055118179,1.501431610122816e-07,-1.7540307122248144,1.2011452880982528e-06,True
10,Macro Precision,PCA,GRP,0.9966279348079145,0.8073349044910556,33.14000749211147,2.029987305650589e-22,9.373409610498006,5.6839644558216486e-21,True
10,Macro Precision,PCA,SRP,0.9966279348079145,0.7597403839379647,34.568018367898404,1.33994630709316e-22,9.777312080048837,4.085599241569408e-21,True
10,Macro Precision,PCA,KPCA (RBF),0.9966279348079145,0.981886466966237,9.084358627933312,1.2031978069678447e-11,2.5694446354168665,1.9251164911485514e-10,True
10,Macro Precision,PCA,KPCA (Polynomial),0.9966279348079145,0.9939729934601248,1.8481787253183386,0.07082070176321674,0.5227438838069227,0.28328280705286696,False
10,Macro Precision,GRP,SRP,0.8073349044910556,0.7597403839379647,5.397487163934746,2.2379004447110415e-06,1.5266399099942418,1.566530311297729e-05,True
10,Macro Precision,GRP,KPCA (RBF),0.8073349044910556,0.981886466966237,-30.190434629471305,4.129331308915324e-22,-8.539144421387332,1.0736261403179842e-20,True
10,Macro Precision,GRP,KPCA (Polynomial),0.8073349044910556,0.9939729934601248,-32.55954930329109,1.9240721250192705e-22,-9.209231241893944,5.579809162555884e-21,True
10,Macro Precision,SRP,KPCA (RBF),0.7597403839379647,0.981886466966237,-32.143592033102266,2.4706497753430674e-22,-9.0915807593202,6.670754393426282e-21,True
10,Macro Precision,SRP,KPCA (Polynomial),0.7597403839379647,0.9939729934601248,-34.09640724136191,1.3179352392159383e-22,-9.643920309786044,4.085599241569408e-21,True
10,Macro Precision,KPCA (RBF),KPCA (Polynomial),0.981886466966237,0.9939729934601248,-7.140124752804895,5.506049951945702e-09,-2.0195322524905053,5.506049951945702e-08,True
25,Macro Precision,PCA,GRP,0.998356351150472,0.888717625936427,17.636758831699527,9.874581479551422e-16,4.988428707218587,2.4686453698878553e-14,True
25,Macro Precision,PCA,SRP,0.998356351150472,0.8847524608741779,34.81735418483069,3.018382683578735e-25,9.847834898827042,9.960662855809825e-24,True
25,Macro Precision,PCA,KPCA (RBF),0.998356351150472,0.9826333772436098,8.90616695298629,2.5840015763744167e-11,2.5190444187344543,3.876002364561625e-10,True
25,Macro Precision,PCA,KPCA (Polynomial),0.998356351150472,0.996240189815864,1.510853639935547,0.1373950336364521,0.4273339416715215,0.41218510090935634,False
25,Macro Precision,GRP,SRP,0.888717625936427,0.8847524608741779,0.5769073598927594,0.5676404227729664,0.1631740425186393,0.9873961890826525,False
25,Macro Precision,GRP,KPCA (RBF),0.888717625936427,0.9826333772436098,-14.903414679347096,1.898584677040973e-14,-4.215322233040586,4.1768862894901404e-13,True
25,Macro Precision,GRP,KPCA (Polynomial),0.888717625936427,0.996240189815864,-17.316322341628425,1.6683865096539696e-15,-4.89779558119103,4.004127623169527e-14,True
25,Macro Precision,SRP,KPCA (RBF),0.8847524608741779,0.9826333772436098,-28.60113243394671,2.384134534726674e-25,-8.089621877463289,8.106057418070691e-24,True
25,Macro Precision,SRP,KPCA (Polynomial),0.8847524608741779,0.996240189815864,-34.31268271723129,8.335253026826653e-25,-9.705092252022679,2.667280968584529e-23,True
25,Macro Precision,KPCA (RBF),KPCA (Polynomial),0.9826333772436098,0.996240189815864,-7.820077966328985,1.0151314559648176e-09,-2.2118520637594927,1.2181577471577812e-08,True
50,Macro Precision,PCA,GRP,0.999448275862069,0.9578073693642346,13.60713096204927,5.417076091591972e-13,3.8486778303033877,1.1375859792343141e-11,True
50,Macro Precision,PCA,SRP,0.999448275862069,0.9377129787054372,12.729864575345289,3.0431167962518094e-12,3.6005494259252258,5.477610233253257e-11,True
50,Macro Precision,PCA,KPCA (RBF),0.999448275862069,0.9842982591926096,11.943966663904632,1.1537685890802327e-12,3.3782639289252123,2.192160319252442e-11,True
50,Macro Precision,PCA,KPCA (Polynomial),0.999448275862069,0.9974277318762156,2.1347392504180194,0.04030059627349332,0.6037954400142675,0.20150298136746658,False
50,Macro Precision,GRP,SRP,0.9578073693642346,0.9377129787054372,3.5197943075816736,0.0010857102260224995,0.995548169309124,0.006514261356134997,True
50,Macro Precision,GRP,KPCA (RBF),0.9578073693642346,0.9842982591926096,-8.105256608145554,3.3768350795313444e-09,-2.292512764350718,3.7145185874844787e-08,True
50,Macro Precision,GRP,KPCA (Polynomial),0.9578073693642346,0.9974277318762156,-12.548432315439706,5.497991598310141e-13,-3.5492326334031308,1.1375859792343141e-11,True
50,Macro Precision,SRP,KPCA (RBF),0.9377129787054372,0.9842982591926096,-9.34772583816746,5.928920534926328e-10,-2.643936131536366,7.707596695404227e-09,True
50,Macro Precision,SRP,KPCA (Polynomial),0.9377129787054372,0.9974277318762156,-12.158058744051365,4.029036187897817e-12,-3.4388183135932477,6.849361519426289e-11,True
50,Macro Precision,KPCA (RBF),KPCA (Polynomial),0.9842982591926096,0.9974277318762156,-8.825735379216644,3.009334067461169e-11,-2.496294934240846,4.213067694445637e-10,True
5,Macro Recall,PCA,GRP,0.9815126071884692,0.7033946360153257,52.36435670155047,9.35874528977428e-37,14.810876686455027,3.5563232101142263e-35,True
5,Macro Recall,PCA,SRP,0.9815126071884692,0.5623968436416711,58.594838362433364,2.2614356764174845e-33,16.573123019442516,7.915024867461196e-32,True
5,Macro Recall,PCA,KPCA (RBF),0.9815126071884692,0.922098266739646,11.580438671262568,3.881726873615898e-14,3.2754426854258774,8.539799121954976e-13,True
5,Macro Recall,PCA,KPCA (Polynomial),0.9815126071884692,0.9692353585112206,2.851058652176345,0.006579620482296592,0.8064011626057886,0.03947772289377955,True
5,Macro Recall,GRP,SRP,0.7033946360153257,0.5623968436416711,17.357488006094467,5.425505144537386e-21,4.909438989389425,1.4106313375797203e-19,True
5,Macro Recall,GRP,KPCA (RBF),0.7033946360153257,0.922098266739646,-34.09491782239605,2.995292265241602e-35,-9.64349903848573,1.0783052154869767e-33,True
5,Macro Recall,GRP,KPCA (Polynomial),0.7033946360153257,0.9692353585112206,-46.02167962922718,4.899658894526227e-39,-13.016896698968534,1.9598635578104907e-37,True
5,Macro Recall,SRP,KPCA (RBF),0.5623968436416711,0.922098266739646,-44.927675824512974,5.716968027044821e-37,-12.707465695385615,2.22961753054748e-35,True
5,Macro Recall,SRP,KPCA (Polynomial),0.5623968436416711,0.9692353585112206,-54.211245065467004,4.537026589753279e-36,-15.333255600942993,1.6786998382087133e-34,True
5,Macro Recall,KPCA (RBF),KPCA (Polynomial),0.922098266739646,0.9692353585112206,-8.401149564642047,8.689529970514062e-11,-2.376203930768321,1.129638896166828e-09,True
10,Macro Recall,PCA,GRP,0.9947911330049262,0.8043967524174421,30.975087271934978,1.1055927711080153e-22,8.761077703132136,2.9851004819916415e-21,True
10,Macro Recall,PCA,SRP,0.9947911330049262,0.7572113665389527,40.16384251338347,7.468858955120651e-26,11.3600501598888,2.2406576865361954e-24,True
10,Macro Recall,PCA,KPCA (RBF),0.9947911330049262,0.9565754424375116,9.996205770494166,1.8582625939084028e-11,2.827353954581009,2.787393890862604e-10,True
10,Macro Recall,PCA,KPCA (Polynomial),0.9947911330049262,0.987277303411786,2.7090381565367183,0.009783002736907473,0.766231700392087,0.048915013684537365,True
10,Macro Recall,GRP,SRP,0.8043967524174421,0.7572113665389527,5.713894583736756,6.871482859794141e-07,1.616133442858138,6.184334573814727e-06,True
10,Macro Recall,GRP,KPCA (RBF),0.8043967524174421,0.9565754424375116,-22.006445751808016,1.4983752415525623e-23,-6.224362808366936,4.1954506763471744e-22,True
10,Macro Recall,GRP,KPCA (Polynomial),0.8043967524174421,0.987277303411786,-28.59699059324036,6.4028441661108316e-24,-8.088450388003269,1.856824808172141e-22,True
10,Macro Recall,SRP,KPCA (RBF),0.7572113665389527,0.9565754424375116,-29.710092755367963,8.375064202686228e-29,-8.403283222800804,2.7637711868864553e-27,True
10,Macro Recall,SRP,KPCA (Polynomial),0.7572113665389527,0.987277303411786,-37.269781776235156,9.198582352658265e-28,-10.541486170927477,2.9435463528506447e-26,True
10,Macro Recall,KPCA (RBF),KPCA (Polynomial),0.9565754424375116,0.987277303411786,-7.291203319137944,5.8605669115563125e-09,-2.0622637239889214,5.8605669115563126e-08,True
25,Macro Recall,PCA,GRP,0.997609523809524,0.8924945265462506,20.03214249329503,9.545252012463104e-18,5.665945519481642,2.1954079628665138e-16,True
25,Macro Recall,PCA,SRP,0.997609523809524,0.8938929392446633,32.615974157496396,1.1650518751186294e-26,9.225190600708357,3.611660812867751e-25,True
25,Macro Recall,PCA,KPCA (RBF),0.997609523809524,0.9588626163108924,10.253567657707928,2.4320433669616022e-11,2.900146888848136,3.404860713746243e-10,True
25,Macro Recall,PCA,KPCA (Polynomial),0.997609523809524,0.9919097792373656,2.2866290377865783,0.027694181383109896,0.6467563594707838,0.11077672553243958,False
25,Macro Recall,GRP,SRP,0.8924945265462506,0.8938929392446633,-0.23853815495903602,0.8127392098514143,-0.06746877877730474,0.9888989285632244,False
25,Macro Recall,GRP,KPCA (RBF),0.8924945265462506,0.9588626163108924,-10.691195060161728,1.1173507115461947e-13,-3.0239266104113907,2.1979442943951577e-12,True
25,Macro Recall,GRP,KPCA (Polynomial),0.8924945265462506,0.9919097792373656,-18.010320379870812,2.2055812551948736e-18,-5.094087868779572,5.3214957435281797e-17,True
25,Macro Recall,SRP,KPCA (RBF),0.8938929392446633,0.9588626163108924,-14.139357074694532,2.128598297411272e-18,-3.999214107653795,5.3214957435281797e-17,True
25,Macro Recall,SRP,KPCA (Polynomial),0.8938929392446633,0.9919097792373656,-27.135988239103384,3.86875749217669e-29,-7.675216519227361,1.3153775473400748e-27,True
25,Macro Recall,KPCA (RBF),KPCA (Polynomial),0.9588626163108924,0.9919097792373656,-7.96493411155369,9.884673221157595e-10,-2.2528235687934655,1.0873140543273354e-08,True
50,Macro Recall,PCA,GRP,0.999,0.96546673964605,13.724481150494634,5.3589215645587916e-14,3.8818694759126826,1.1253735285573463e-12,True
50,Macro Recall,PCA,SRP,0.999,0.946831326400292,14.020493742479196,1.4867661758980017e-13,3.9655944803562386,2.6761791166164032e-12,True
50,Macro Recall,PCA,KPCA (RBF),0.999,0.9627722130997992,11.295835306432528,1.3410769619819106e-11,3.194944697737945,2.145723139171057e-10,True
50,Macro Recall,PCA,KPCA (Polynomial),0.999,0.9944333333333334,2.2498852335054713,0.03189365604260144,0.6363636422012791,0.11077672553243958,False
50,Macro Recall,GRP,SRP,0.96546673964605,0.946831326400292,4.291497641294728,0.00010613369238868337,1.2138188334422304,0.000849069539109467,True
50,Macro Recall,GRP,KPCA (RBF),0.96546673964605,0.9627722130997992,0.6889260341259953,0.4944494642816122,0.1948577081865784,0.9888989285632244,False
50,Macro Recall,GRP,KPCA (Polynomial),0.96546673964605,0.9944333333333334,-9.58587026126863,1.4989239970939404e-12,-2.711293546127004,2.5481707950596986e-11,True
50,Macro Recall,SRP,KPCA (RBF),0.946831326400292,0.9627722130997992,-3.3114970930145473,0.0017917772013630116,-0.9366328201400502,0.012542440409541082,True
50,Macro Recall,SRP,KPCA (Polynomial),0.946831326400292,0.9944333333333334,-11.542981464615925,1.0989721471975788e-13,-3.264848187496219,2.1979442943951577e-12,True
50,Macro Recall,KPCA (RBF),KPCA (Polynomial),0.9627722130997992,0.9944333333333334,-8.633872314270599,1.1987150524995013e-10,-2.442027864527813,1.4384580629994016e-09,True
5,Macro F1,PCA,GRP,0.9811177157509112,0.703946077405308,53.956434298815275,1.676551953341335e-36,15.261184232535475,6.370897422697073e-35,True
5,Macro F1,PCA,SRP,0.9811177157509112,0.5676524335361727,55.870634952480195,1.329612911400065e-31,15.802601937638755,4.653645189900227e-30,True
5,Macro F1,PCA,KPCA (RBF),0.9811177157509112,0.9384743416342144,9.92818698767672,1.2852912486333221e-12,2.8081153375497006,2.1849951226766477e-11,True
5,Macro F1,PCA,KPCA (Polynomial),0.9811177157509112,0.9734117542393036,2.0843383034762635,0.04258945991370984,0.589539899469972,0.13792023428811878,False
5,Macro F1,GRP,SRP,0.703946077405308,0.5676524335361727,16.351500907768518,1.3291642307909338e-19,4.624902869784442,3.3229105769773346e-18,True
5,Macro F1,GRP,KPCA (RBF),0.703946077405308,0.9384743416342144,-40.728257168996734,2.1774856272734423e-37,-11.519690732042884,8.492193946366424e-36,True
5,Macro F1,GRP,KPCA (Polynomial),0.703946077405308,0.9734117542393036,-50.58340485974343,7.387950126041439e-38,-14.307147436731658,2.9551800504165755e-36,True
5,Macro F1,SRP,KPCA (RBF),0.5676524335361727,0.9384743416342144,-47.27145864937033,1.0097112971480097e-33,-13.370387587019696,3.735931799447636e-32,True
5,Macro F1,SRP,KPCA (Polynomial),0.5676524335361727,0.9734117542393036,-53.85939910226497,1.4114764300399534e-32,-15.233738534337686,5.081315148143832e-31,True
5,Macro F1,KPCA (RBF),KPCA (Polynomial),0.9384743416342144,0.9734117542393036,-7.7279086775009205,8.000839549959386e-10,-2.185782652100506,9.601007459951263e-09,True
10,Macro F1,PCA,GRP,0.995652328090704,0.8036702039506958,33.18356593048453,5.99185559850842e-23,9.385729797358596,1.5578824556121893e-21,True
10,Macro F1,PCA,SRP,0.995652328090704,0.755249518224338,39.3226748465607,1.1122832931665642e-24,11.122132015358703,3.225621550183036e-23,True
10,Macro F1,PCA,KPCA (RBF),0.995652328090704,0.967882087870788,9.733120010257222,2.186291290641998e-11,2.7529420645421436,3.279436935962997e-10,True
10,Macro F1,PCA,KPCA (Polynomial),0.995652328090704,0.9903649079033384,2.460061712442602,0.018030623745591286,0.6958105276022216,0.09015311872795642,False
10,Macro F1,GRP,SRP,0.8036702039506958,0.755249518224338,5.877085620299488,3.90166777740035e-07,1.662290838291086,3.12133422192028e-06,True
10,Macro F1,GRP,KPCA (RBF),0.8036702039506958,0.967882087870788,-26.415807906890645,4.8089356205375324e-24,-7.471518760593438,1.346501973750509e-22,True
10,Macro F1,GRP,KPCA (Polynomial),0.8036702039506958,0.9903649079033384,-31.5019186690768,8.6777830395583e-24,-8.910088124516522,2.343001420680741e-22,True
10,Macro F1,SRP,KPCA (RBF),0.755249518224338,0.967882087870788,-32.59778047270373,1.846744940617189e-26,-9.22004464955169,5.909583809975005e-25,True
10,Macro F1,SRP,KPCA (Polynomial),0.755249518224338,0.9903649079033384,-37.63539473819966,1.253149001118532e-25,-10.644897132805395,3.759447003355596e-24,True
10,Macro F1,KPCA (RBF),KPCA (Polynomial),0.967882087870788,0.9903649079033384,-7.184835410559739,7.413527340689325e-09,-2.0321783362064094,7.413527340689325e-08,True
25,Macro F1,PCA,GRP,0.9979557862932458,0.8890118872562239,19.569836246908327,3.9148335349672916e-17,5.535185566759669,9.00411713042477e-16,True
25,Macro F1,PCA,SRP,0.9979557862932458,0.8872109775817303,35.97495955434554,3.3779297660169704e-27,10.175255141515803,1.1147168227856002e-25,True
25,Macro F1,PCA,KPCA (RBF),0.9979557862932458,0.9695135228304724,9.805729991602773,2.965780474070013e-11,2.773479268618652,4.1520926636980183e-10,True
25,Macro F1,PCA,KPCA (Polynomial),0.9979557862932458,0.9939345423523585,2.041634650074006,0.04727256451623397,0.5774614823091013,0.13792023428811878,False
25,Macro F1,GRP,SRP,0.8890118872562239,0.8872109775817303,0.29281913494239975,0.7713292735761783,0.08282175839157983,0.7713292735761783,False
25,Macro F1,GRP,KPCA (RBF),0.8890118872562239,0.9695135228304724,-13.277085410245883,3.3985174362989253e-15,-3.7553268511911355,7.476738359857636e-14,True
25,Macro F1,GRP,KPCA (Polynomial),0.8890118872562239,0.9939345423523585,-18.48202069236965,2.9027096468734334e-17,-5.227504864641868,6.96650315249624e-16,True
25,Macro F1,SRP,KPCA (RBF),0.8872109775817303,0.9695135228304724,-21.076793653447105,7.781034879753036e-26,-5.961417487208814,2.4121208127234414e-24,True
25,Macro F1,SRP,KPCA (Polynomial),0.8872109775817303,0.9939345423523585,-32.604684596009186,3.099285756939374e-29,-9.221997430514666,1.053757157359387e-27,True
25,Macro F1,KPCA (RBF),KPCA (Polynomial),0.9695135228304724,0.9939345423523585,-7.86095537571329,1.3729933952988469e-09,-2.223413941108685,1.5102927348287315e-08,True
50,Macro F1,PCA,GRP,0.999203169213356,0.9609254371197048,14.090276133324465,1.0614811226138194e-13,3.9853319210658786,2.1229622452276386e-12,True
50,Macro F1,PCA,SRP,0.999203169213356,0.9410374769068336,13.432229935539722,7.047200144711081e-13,3.799208349550832,1.2684960260479946e-11,True
50,Macro F1,PCA,KPCA (RBF),0.999203169213356,0.972471996392288,11.30183422519522,1.0872139855609625e-11,3.1966414481927004,1.73954237689754e-10,True
50,Macro F1,PCA,KPCA (Polynomial),0.999203169213356,0.9958104800062884,2.2119112278796296,0.034480058572029695,0.6256229714465396,0.13792023428811878,False
50,Macro F1,GRP,SRP,0.9609254371197048,0.9410374769068336,3.936625496011326,0.0003212358422599747,1.113445833288586,0.002248650895819823,True
50,Macro F1,GRP,KPCA (RBF),0.9609254371197048,0.972471996392288,-3.283551215783079,0.0019392664914393233,-0.9287285324214191,0.01163559894863594,True
50,Macro F1,GRP,KPCA (Polynomial),0.9609254371197048,0.9958104800062884,-11.549001825050187,8.41977045640401e-14,-3.26655100257152,1.768151795844842e-12,True
50,Macro F1,SRP,KPCA (RBF),0.9410374769068336,0.972471996392288,-6.451954506328675,1.591493209400229e-07,-1.8248883133328437,1.4323438884602061e-06,True
50,Macro F1,SRP,KPCA (Polynomial),0.9410374769068336,0.9958104800062884,-12.098598951699831,6.512587604476639e-13,-3.4220005446413624,1.2373916448505615e-11,True
50,Macro F1,KPCA (RBF),KPCA (Polynomial),0.972471996392288,0.9958104800062884,-8.615363384101206,1.1421496199022238e-10,-2.436792748513698,1.484794505872891e-09,True
5,Macro ROC AUC,PCA,GRP,0.9990168221464556,0.9213309085282004,38.11318184409116,1.7569553966488813e-23,10.780035733821144,6.410874719602281e-22,True
5,Macro ROC AUC,PCA,SRP,0.9990168221464556,0.8516970573074163,39.809251920561536,1.384004433712327e-23,11.259756794797061,5.259216848106842e-22,True
5,Macro ROC AUC,PCA,KPCA (RBF),0.9990168221464556,0.9956838603577256,7.6248166433584705,1.702052785657906e-09,2.1566238215291293,3.574310849881603e-08,True
5,Macro ROC AUC,PCA,KPCA (Polynomial),0.9990168221464556,0.9983027177874524,1.739448247959004,0.08882205706681254,0.4919902606619484,0.35528822826725015,False
5,Macro ROC AUC,GRP,SRP,0.9213309085282004,0.8516970573074163,16.539296518536453,9.727607040193187e-19,4.678019489724872,2.7237299712540925e-17,True
5,Macro ROC AUC,GRP,KPCA (RBF),0.9213309085282004,0.9956838603577256,-36.1851696379296,1.8734357675774117e-23,-10.234711531746234,6.557025186520941e-22,True
5,Macro ROC AUC,GRP,KPCA (Polynomial),0.9213309085282004,0.9983027177874524,-37.5600521411684,1.1058874804061834e-23,-10.62358702829619,4.423549921624734e-22,True
5,Macro ROC AUC,SRP,KPCA (RBF),0.8516970573074163,0.9956838603577256,-38.81304705085373,1.7326688431357516e-23,-10.97798750726848,6.410874719602281e-22,True
5,Macro ROC AUC,SRP,KPCA (Polynomial),0.8516970573074163,0.9983027177874524,-39.55138076070189,1.2509500152788297e-23,-11.186819816473381,4.878705059587436e-22,True
5,Macro ROC AUC,KPCA (RBF),KPCA (Polynomial),0.9956838603577256,0.9983027177874524,-5.390183105689828,2.157924530879269e-06,-1.5245740103481769,3.0210943432309763e-05,True
10,Macro ROC AUC,PCA,GRP,0.9999696538578684,0.952607274773144,25.321803564666112,7.962582182736535e-19,7.162087604979639,2.4684004766483257e-17,True
10,Macro ROC AUC,PCA,SRP,0.9999696538578684,0.9483239885936194,26.800839860130623,2.1321614574438621e-19,7.580422242637233,7.249348955309131e-18,True
10,Macro ROC AUC,PCA,KPCA (RBF),0.9999696538578684,0.9997260293055086,3.7128191019064554,0.0010201830993698136,1.050143825710801,0.01122201409306795,True
10,Macro ROC AUC,PCA,KPCA (Polynomial),0.9999696538578684,0.999928489768848,1.4178581515444733,0.1662373271869133,0.40103084548708823,0.35528822826725015,False
10,Macro ROC AUC,GRP,SRP,0.952607274773144,0.9483239885936194,1.5949972958756105,0.11728270120974364,0.4511333615551401,0.35528822826725015,False
10,Macro ROC AUC,GRP,KPCA (RBF),0.952607274773144,0.9997260293055086,-25.176840874233907,8.506365099362003e-19,-7.121085964410176,2.4684004766483257e-17,True
10,Macro ROC AUC,GRP,KPCA (Polynomial),0.952607274773144,0.999928489768848,-25.297529030299785,8.058046776415181e-19,-7.155221729835408,2.4684004766483257e-17,True
10,Macro ROC AUC,SRP,KPCA (RBF),0.9483239885936194,0.9997260293055086,-26.65973763144765,2.2569003706476257e-19,-7.5405125055403275,7.249348955309131e-18,True
10,Macro ROC AUC,SRP,KPCA (Polynomial),0.9483239885936194,0.999928489768848,-26.777217993206747,2.1543840330825153e-19,-7.5737409697227704,7.249348955309131e-18,True
10,Macro ROC AUC,KPCA (RBF),KPCA (Polynomial),0.9997260293055086,0.999928489768848,-2.8827361399775664,0.006973734667983979,-0.8153609091798678,0.04881614267588785,True
25,Macro ROC AUC,PCA,GRP,0.9999885206125292,0.9802288802846162,11.887666315691801,1.517070304477697e-11,3.3623397857234294,3.6409687307464727e-10,True
25,Macro ROC AUC,PCA,SRP,0.9999885206125292,0.976137499298278,18.789962782885183,7.330762551198503e-16,5.314604040808386,1.979305888823596e-14,True
25,Macro ROC AUC,PCA,KPCA (RBF),0.9999885206125292,0.9998113431644474,3.472709780615495,0.0018604933079118336,0.9822306539864256,0.018604933079118334,True
25,Macro ROC AUC,PCA,KPCA (Polynomial),0.9999885206125292,0.9999757434007364,0.9183264519310305,0.36329619434532423,0.2597419446013655,0.36329619434532423,False
25,Macro ROC AUC,GRP,SRP,0.9802288802846162,0.976137499298278,1.9562784272881955,0.056671743014131075,0.553319096729775,0.3002086118981706,False
25,Macro ROC AUC,GRP,KPCA (RBF),0.9802288802846162,0.9998113431644474,-11.775842668662523,1.8009692843431598e-11,-3.3307112820788642,3.962132425554952e-10,True
25,Macro ROC AUC,GRP,KPCA (Polynomial),0.9802288802846162,0.9999757434007364,-11.879880736849971,1.5370517314330968e-11,-3.360137691485621,3.6409687307464727e-10,True
25,Macro ROC AUC,SRP,KPCA (RBF),0.976137499298278,0.9998113431644474,-18.636187307138385,8.246964600128732e-16,-5.271109768136087,2.061741150032183e-14,True
25,Macro ROC AUC,SRP,KPCA (Polynomial),0.976137499298278,0.9999757434007364,-18.77962945788921,7.412786324883663e-16,-5.311681335137643,1.979305888823596e-14,True
25,Macro ROC AUC,KPCA (RBF),KPCA (Polynomial),0.9998113431644474,0.9999757434007364,-3.1942471423224066,0.0036257080660183354,-0.90346952604877,0.029005664528146683,True
50,Macro ROC AUC,PCA,GRP,1.0,0.9980748860372988,8.841928380709124,5.1358328896933975e-09,2.5008750067060843,1.0271665779386795e-07,True
50,Macro ROC AUC,PCA,SRP,1.0,0.9941160973497992,8.546386654584891,9.610698978918547e-09,2.4172831832396757,1.7299258162053386e-07,True
50,Macro ROC AUC,PCA,KPCA (RBF),1.0,0.9998243477167464,3.883159302152484,0.0007075156836918317,1.0983233099918572,0.00849018820430198,True
50,Macro ROC AUC,PCA,KPCA (Polynomial),1.0,0.9999835283528352,2.0635592605157336,0.050034768649695104,0.583662698596389,0.3002086118981706,False
50,Macro ROC AUC,GRP,SRP,0.9980748860372988,0.9941160973497992,5.482525072364082,6.824216102031952e-06,1.550692262677564,8.871480932641538e-05,True
50,Macro ROC AUC,GRP,KPCA (RBF),0.9980748860372988,0.9998243477167464,-7.867174039390133,2.3738235936848343e-08,-2.2251728448110106,3.5607353905272517e-07,True
50,Macro ROC AUC,GRP,KPCA (Polynomial),0.9980748860372988,0.9999835283528352,-8.760389829160632,5.961391966147908e-09,-2.4778124216148574,1.1326644735681024e-07,True
50,Macro ROC AUC,SRP,KPCA (RBF),0.9941160973497992,0.9998243477167464,-8.273412685780817,1.621721009821597e-08,-2.3400744854681697,2.5947536157145554e-07,True
50,Macro ROC AUC,SRP,KPCA (Polynomial),0.9941160973497992,0.9999835283528352,-8.52188878592345,1.0106422802545748e-08,-2.410354139617627,1.7299258162053386e-07,True
50,Macro ROC AUC,KPCA (RBF),KPCA (Polynomial),0.9998243477167464,0.9999835283528352,-3.4654773320025734,0.0018878061115411874,-0.9801850086029137,0.018604933079118334,True
