Principal Component,Explained Variance Ratio,Cumulative Explained Variance
1,0.105397813505987,0.105397813505987
2,0.08754232469325515,0.19294013819924216
3,0.078100810508193,0.27104094870743517
4,0.05165646999617297,0.32269741870360813
5,0.040289316608135145,0.3629867353117433
6,0.02920881306297469,0.392195548374718
7,0.023547351875597904,0.4157429002503159
8,0.021452990923784658,0.43719589117410057
9,0.016320013547177964,0.45351590472127856
10,0.012338994919746238,0.4658548996410248
11,0.010540955326266033,0.4763958549672908
12,0.00894551568640769,0.4853413706536985
13,0.008504326500200844,0.4938456971538993
14,0.007529839092070308,0.5013755362459696
15,0.006666106245982321,0.5080416424919519
16,0.006469395972095681,0.5145110384640477
17,0.006086145452390454,0.5205971839164382
18,0.005850606234886225,0.5264477901513244
19,0.005293659077086902,0.5317414492284113
20,0.005154895671238737,0.53689634489965
21,0.004892586425406175,0.5417889313250561
22,0.004658336559004188,0.5464472678840603
23,0.004549982162923405,0.5509972500469837
24,0.004476360638574935,0.5554736106855587
25,0.0042486852596913495,0.55972229594525
26,0.004181383719950259,0.5639036796652003
27,0.004024265492346462,0.5679279451575467
28,0.00393607000416761,0.5718640151617144
29,0.003904007646285485,0.5757680228079999
30,0.003586874297105579,0.5793548971051055
31,0.0035758287292435536,0.582930725834349
32,0.003499781070912526,0.5864305069052616
33,0.0033733852742879374,0.5898038921795495
34,0.003325228170597161,0.5931291203501468
35,0.0032467014233525417,0.5963758217734993
36,0.003201253250432492,0.5995770750239319
37,0.0030922101678573935,0.6026692851917893
38,0.0029519420881987867,0.6056212272799881
39,0.0028502639764104044,0.6084714912563985
40,0.002803980485900418,0.611275471742299
41,0.0027713732151553538,0.6140468449574543
42,0.0026894489314624086,0.6167362938889167
43,0.002660420338706202,0.6193967142276229
44,0.0026104142163929614,0.6220071284440158
45,0.00258862363175648,0.6245957520757723
46,0.002555679891667288,0.6271514319674396
47,0.002522403110659571,0.6296738350780992
48,0.0024916980118366754,0.6321655330899358
49,0.002438143838630776,0.6346036769285666
50,0.002378601878373079,0.6369822788069397
51,0.002337789526855447,0.6393200683337952
52,0.002296843943129791,0.641616912276925
53,0.002267792259310466,0.6438847045362355
54,0.0022490916165096284,0.6461337961527451
55,0.0021746679454336796,0.6483084640981788
56,0.0021495716859227477,0.6504580357841016
57,0.002130736395117135,0.6525887721792187
58,0.002107606943022724,0.6546963791222414
59,0.0020480485773678664,0.6567444276996093
60,0.0020424099191442137,0.6587868376187535
61,0.001998573236868909,0.6607854108556224
62,0.00197630572762642,0.6627617165832488
63,0.0019732288615148304,0.6647349454447636
64,0.0019486534370693161,0.6666835988818329
65,0.0019249297649410785,0.668608528646774
66,0.0018428202311738572,0.6704513488779479
67,0.0018215393376261803,0.6722728882155741
68,0.00179407447242391,0.6740669626879979
69,0.001768266251102871,0.6758352289391008
70,0.0017625440325553534,0.6775977729716561
71,0.001725138879728417,0.6793229118513846
72,0.0017072064131927601,0.6810301182645774
73,0.0016944200388826762,0.68272453830346
74,0.0016817686041120023,0.684406306907572
75,0.0016479966486940044,0.686054303556266
76,0.0016301324687025406,0.6876844360249685
77,0.0016005727497632543,0.6892850087747318
78,0.0015743794375311254,0.6908593882122629
79,0.0015588528118734657,0.6924182410241364
80,0.001548120348408659,0.6939663613725451
81,0.0015283443771566874,0.6954947057497017
82,0.0015012360715245716,0.6969959418212263
83,0.0014917648984934368,0.6984877067197197
84,0.001484069084541675,0.6999717758042614
85,0.001442230983072149,0.7014140067873336
86,0.0014386677208768045,0.7028526745082103
87,0.0014367114000269905,0.7042893859082373
88,0.0014214538845527614,0.70571083979279
89,0.0014027184247058023,0.7071135582174959
90,0.001393057607745654,0.7085066158252415
91,0.0013802694261911238,0.7098868852514326
92,0.0013629721676678922,0.7112498574191005
93,0.0013570091972266057,0.7126068666163271
94,0.0013442269079157049,0.7139510935242428
95,0.0013314546564938247,0.7152825481807367
96,0.0013108200615114592,0.7165933682422482
97,0.0013037225599683653,0.7178970908022165
98,0.0013031763508302558,0.7192002671530467
99,0.0012768498297585486,0.7204771169828053
100,0.001263648786963686,0.721740765769769
101,0.0012631590745995624,0.7230039248443685
102,0.0012481910831863485,0.7242521159275548
103,0.0012445879868528333,0.7254967039144076
104,0.001226667552441444,0.7267233714668491
105,0.001214355153814123,0.7279377266206631
106,0.0011976051009023395,0.7291353317215655
107,0.001196442655739166,0.7303317743773047
108,0.0011801732979376993,0.7315119476752424
109,0.0011709248358222105,0.7326828725110647
110,0.0011629886263818036,0.7338458611374464
111,0.0011563293496599238,0.7350021904871064
112,0.0011453003511638885,0.7361474908382702
113,0.001130894354402221,0.7372783851926724
114,0.0011253038306407472,0.7384036890233132
115,0.0011203448637366485,0.7395240338870499
116,0.0011024796804559704,0.7406265135675059
117,0.0010943802036210925,0.7417208937711269
118,0.0010859608085762738,0.7428068545797032
119,0.001084225139853565,0.7438910797195567
120,0.0010740225631585677,0.7449651022827153
121,0.0010720876539613614,0.7460371899366767
122,0.0010552897935161972,0.7470924797301929
123,0.0010507414294495664,0.7481432211596425
124,0.0010401226842164048,0.7491833438438589
125,0.0010358383283333437,0.7502191821721922
126,0.0010242773451386842,0.7512434595173308
127,0.0010210239658131428,0.752264483483144
128,0.001011553576500287,0.7532760370596443
129,0.0010051203591574913,0.7542811574188018
130,0.0009997774176256197,0.7552809348364273
131,0.0009950909272213317,0.7562760257636487
132,0.0009854460626911295,0.7572614718263398
133,0.000980051716173369,0.7582415235425132
134,0.0009696509652248169,0.759211174507738
135,0.0009690134256376009,0.7601801879333756
136,0.0009627545040583086,0.761142942437434
137,0.0009480288937010985,0.762090971331135
138,0.0009467017385489891,0.763037673069684
139,0.0009401081365316879,0.7639777812062156
140,0.0009391251159027189,0.7649169063221184
141,0.0009283694371827363,0.7658452757593012
142,0.0009247160117099552,0.7667699917710111
143,0.0009140330275650336,0.7676840247985761
144,0.0009097871481958614,0.768593811946772
145,0.000901761779484352,0.7694955737262563
146,0.0009007026107588979,0.7703962763370152
147,0.0008991012355948836,0.7712953775726101
148,0.0008880681367252241,0.7721834457093354
149,0.0008874640220819311,0.7730709097314173
150,0.0008845428538162185,0.7739554525852336
151,0.0008733934717371294,0.7748288460569707
152,0.0008710499110512928,0.7756998959680219
153,0.0008642352612961073,0.776564131229318
154,0.0008620256323298133,0.7774261568616478
155,0.0008569796630924936,0.7782831365247403
156,0.0008539805537511161,0.7791371170784914
157,0.0008521962380033621,0.7799893133164948
158,0.0008441930992979049,0.7808335064157927
159,0.0008396986082757172,0.7816732050240685
160,0.0008383165963570615,0.7825115216204255
161,0.0008324305923715753,0.7833439522127971
162,0.0008257464100747403,0.7841696986228718
163,0.0008242698715470947,0.7849939684944188
164,0.0008222747032240265,0.7858162431976429
165,0.0008150428212909927,0.7866312860189338
166,0.0008079781502642943,0.7874392641691982
167,0.0008029115732072275,0.7882421757424054
168,0.0007993867180810839,0.7890415624604865
169,0.0007954636945394942,0.789837026155026
170,0.0007919974683766117,0.7906290236234027
171,0.0007856646961193949,0.7914146883195221
172,0.0007831026504555568,0.7921977909699777
173,0.0007826063186844368,0.7929803972886621
174,0.000775303467079666,0.7937557007557418
175,0.0007727073275779402,0.7945284080833197
176,0.0007693227465345048,0.7952977308298542
177,0.0007660525804804338,0.7960637834103347
178,0.0007630777283425727,0.7968268611386773
179,0.0007541094334122049,0.7975809705720895
180,0.0007490151614288139,0.7983299857335183
181,0.0007482576642686751,0.799078243397787
182,0.0007397729376845333,0.7998180163354716
183,0.0007340878986538963,0.8005521042341255
184,0.0007309622052101362,0.8012830664393357
185,0.0007287917975193305,0.802011858236855
186,0.000727930073592246,0.8027397883104472
187,0.0007237629891744165,0.8034635512996217
188,0.0007207262371376863,0.8041842775367594
189,0.0007180481118965081,0.8049023256486558
190,0.0007148253657189931,0.8056171510143748
191,0.0007127296506545906,0.8063298806650294
192,0.0007098995625982233,0.8070397802276277
193,0.0007057679680992216,0.8077455481957269
194,0.0007029250417487815,0.8084484732374756
195,0.0007001634321457402,0.8091486366696213
196,0.0006991389010352563,0.8098477755706566
197,0.000693967090359576,0.8105417426610162
198,0.0006920756401848808,0.8112338183012011
199,0.0006897792659236055,0.8119235975671247
200,0.0006844706259067667,0.8126080681930316
201,0.0006820092286704664,0.813290077421702
202,0.0006806726007716396,0.8139707500224737
203,0.0006770036899893428,0.814647753712463
204,0.0006737862264584107,0.8153215399389214
205,0.0006729160765685617,0.81599445601549
206,0.0006698805443301111,0.8166643365598202
207,0.000667023002828116,0.8173313595626484
208,0.000662688541230739,0.8179940481038791
209,0.0006569932554678196,0.818651041359347
210,0.0006560883274667407,0.8193071296868137
211,0.0006514048074073813,0.8199585344942211
212,0.0006496579907519283,0.820608192484973
213,0.0006489266411697372,0.8212571191261427
214,0.0006433940008363347,0.8219005131269791
215,0.0006402586654471386,0.8225407717924262
216,0.0006379125248923904,0.8231786843173187
217,0.0006360145257907866,0.8238146988431094
218,0.0006330280155534674,0.8244477268586629
219,0.0006310634673770633,0.8250787903260399
220,0.000627375637884148,0.8257061659639241
221,0.0006265705993567286,0.8263327365632809
222,0.0006239780356617576,0.8269567145989426
223,0.0006204801664788106,0.8275771947654215
224,0.0006158599942766108,0.8281930547596981
225,0.000614469851375444,0.8288075246110735
226,0.0006127782791736632,0.8294203028902472
227,0.0006114714476041633,0.8300317743378514
228,0.0006081696503351299,0.8306399439881865
229,0.0006067419554865518,0.8312466859436731
230,0.0006027564610589074,0.831849442404732
231,0.0005999329544789173,0.8324493753592109
232,0.0005975861881497076,0.8330469615473607
233,0.0005964320153826214,0.8336433935627433
234,0.0005946944116164263,0.8342380879743597
235,0.0005936302746697101,0.8348317182490295
236,0.0005919729091515583,0.835423691158181
237,0.0005898657292326223,0.8360135568874136
238,0.0005830382345126757,0.8365965951219263
239,0.000580823412334987,0.8371774185342613
240,0.0005805567526227549,0.8377579752868841
241,0.0005794630321357122,0.8383374383190199
242,0.0005782359229996639,0.8389156742420195
243,0.0005756183240205204,0.83949129256604
244,0.0005727421843404834,0.8400640347503805
245,0.0005689829768967083,0.8406330177272772
246,0.0005683456222305615,0.8412013633495077
247,0.0005661858485640124,0.8417675491980717
248,0.0005654954006879482,0.8423330445987597
249,0.0005627860165402756,0.8428958306152999
250,0.00055767531577878,0.8434535059310787
251,0.0005569376520955707,0.8440104435831742
252,0.0005546087338793234,0.8445650523170536
253,0.0005537540675987915,0.8451188063846524
254,0.0005533676409777991,0.8456721740256302
255,0.0005499950502940266,0.8462221690759243
256,0.0005466841321313653,0.8467688532080556
257,0.0005455761482209701,0.8473144293562765
258,0.0005452210406269383,0.8478596503969035
259,0.0005433692747272118,0.8484030196716307
260,0.0005386702264765736,0.8489416898981073
261,0.0005375278723629496,0.8494792177704702
262,0.0005352516455506065,0.8500144694160208
263,0.0005343625494390137,0.8505488319654598
264,0.0005337987051553336,0.8510826306706152
265,0.0005322665610017782,0.851614897231617
266,0.0005307662738137117,0.8521456635054308
267,0.0005288416280028797,0.8526745051334337
268,0.0005272401113791614,0.8532017452448128
269,0.0005236099792701507,0.853725355224083
270,0.0005225464833091741,0.8542479017073922
271,0.0005210563529511327,0.8547689580603434
272,0.0005179456107122707,0.8552869036710556
273,0.0005163648664843237,0.85580326853754
274,0.0005154099497647828,0.8563186784873047
275,0.000513813750765266,0.85683249223807
276,0.0005104867238030262,0.8573429789618731
277,0.0005096240304324162,0.8578526029923055
278,0.0005084221321238855,0.8583610251244294
279,0.000507620124957318,0.8588686452493867
280,0.0005046921399264535,0.8593733373893131
281,0.0005012336044095153,0.8598745709937227
282,0.0004996694706492666,0.8603742404643719
283,0.0004992937192185506,0.8608735341835905
284,0.000497918043875149,0.8613714522274656
285,0.0004965321104396142,0.8618679843379052
286,0.0004960757003909141,0.8623640600382961
287,0.0004940314781264607,0.8628580915164226
288,0.0004921562373521019,0.8633502477537747
289,0.0004911234722323739,0.863841371226007
290,0.0004884793972617834,0.8643298506232688
291,0.00048694532587134507,0.8648167959491402
292,0.00048643754363503693,0.8653032334927753
293,0.00048439001351814094,0.8657876235062935
294,0.00048366078193439805,0.8662712842882279
295,0.0004822068685349598,0.8667534911567628
296,0.0004805700561113903,0.8672340612128742
297,0.00047918392353117715,0.8677132451364054
298,0.0004787245585407143,0.868191969694946
299,0.0004774920141385253,0.8686694617090845
300,0.0004743735394943295,0.8691438352485789
301,0.00047316849205519265,0.869617003740634
302,0.00047258204715775484,0.8700895857877917
303,0.0004716331347759051,0.8705612189225677
304,0.0004697905362053997,0.8710310094587731
305,0.0004675727346864357,0.8714985821934595
306,0.00046703548405135296,0.8719656176775109
307,0.0004663635010149342,0.8724319811785258
308,0.00046356958993889563,0.8728955507684647
309,0.00046313867165537,0.8733586894401201
310,0.0004616716078654023,0.8738203610479854
311,0.0004600928242416659,0.8742804538722271
312,0.0004586330643031565,0.8747390869365302
313,0.0004570653639339319,0.8751961523004642
314,0.0004554328345099398,0.8756515851349742
315,0.00045277313842394663,0.8761043582733982
316,0.0004525260262713294,0.8765568842996695
317,0.00045119818149971997,0.8770080824811692
318,0.00044948969069341047,0.8774575721718626
319,0.0004482121173455765,0.8779057842892082
320,0.0004473817887752408,0.8783531660779834
321,0.00044693043593862846,0.878800096513922
322,0.0004450408150885588,0.8792451373290106
323,0.00044350619892516836,0.8796886435279357
324,0.0004429242715042528,0.88013156779944
325,0.0004410070342240055,0.880572574833664
326,0.00043914747176136747,0.8810117223054253
327,0.00043881750452265893,0.881450539809948
328,0.000437352388221866,0.8818878921981699
329,0.00043688611952934545,0.8823247783176992
330,0.0004361039893054899,0.8827608823070047
331,0.00043328835222258935,0.8831941706592272
332,0.0004319086772853135,0.8836260793365125
333,0.0004313839303374939,0.88405746326685
334,0.0004310362801946961,0.8844884995470447
335,0.0004296565599078546,0.8849181561069526
336,0.0004272223413237059,0.8853453784482763
337,0.00042612843453990125,0.8857715068828163
338,0.00042518939052100136,0.8861966962733373
339,0.0004228364648567918,0.886619532738194
340,0.0004216736218457168,0.8870412063600398
341,0.00041964121698536924,0.8874608475770251
342,0.0004189173440748904,0.8878797649211
343,0.0004186989059290009,0.888298463827029
344,0.00041746553612453875,0.8887159293631536
345,0.00041653894464743687,0.889132468307801
346,0.00041523602173127973,0.8895477043295323
347,0.00041334822832134725,0.8899610525578537
348,0.0004121607272011148,0.8903732132850548
349,0.00041118226417681997,0.8907843955492316
350,0.00041000551706625485,0.8911944010662979
351,0.000408849570071274,0.8916032506363691
352,0.0004074330378695126,0.8920106836742386
353,0.00040618831616051187,0.8924168719903991
354,0.000405825777325446,0.8928226977677245
355,0.00040517922951363914,0.8932278769972382
356,0.00040360635137682584,0.893631483348615
357,0.0004026797711468925,0.8940341631197619
358,0.00040223274955275437,0.8944363958693147
359,0.00040063755308491486,0.8948370334223996
360,0.00039865105498133836,0.895235684477381
361,0.00039834107025179513,0.8956340255476328
362,0.0003971131830283584,0.8960311387306612
363,0.00039530021895930486,0.8964264389496205
364,0.0003949191741387036,0.8968213581237592
365,0.00039354818573598407,0.8972149063094952
366,0.0003930988088514695,0.8976080051183467
367,0.00039244685522263725,0.8980004519735694
368,0.0003913990813577347,0.8983918510549271
369,0.00039006335831227005,0.8987819144132394
370,0.0003895669655100425,0.8991714813787495
371,0.00038895619387987356,0.8995604375726294
372,0.0003870331872209154,0.8999474707598503
373,0.0003867014776704034,0.9003341722375207
374,0.0003850944293619605,0.9007192666668826
375,0.00038418563889213917,0.9011034523057747
376,0.0003831077850062105,0.9014865600907809
377,0.00038208759454674005,0.9018686476853276
378,0.00038108838765116954,0.9022497360729788
379,0.0003805009097621752,0.9026302369827409
380,0.000378603182342353,0.9030088401650833
381,0.0003778355809766102,0.9033866757460599
382,0.00037696176201864836,0.9037636375080785
383,0.0003759737164439774,0.9041396112245225
384,0.0003730830521693961,0.9045126942766919
385,0.00037232670512218636,0.9048850209818141
386,0.000371901332394168,0.9052569223142083
387,0.0003710556591052587,0.9056279779733135
388,0.0003691490750666082,0.9059971270483801
389,0.0003688146999843786,0.9063659417483645
390,0.0003682958778830995,0.9067342376262476
391,0.0003682016666252508,0.9071024392928728
392,0.00036625080948190586,0.9074686901023548
393,0.00036620701802527833,0.90783489712038
394,0.0003646289474341689,0.9081995260678142
395,0.0003643530345594392,0.9085638791023736
396,0.00036246517895517367,0.9089263442813288
397,0.0003618046953360857,0.9092881489766649
398,0.0003608202634120355,0.9096489692400769
399,0.000359941294246718,0.9100089105343236
400,0.0003592375843942694,0.9103681481187179
401,0.00035719215361017297,0.9107253402723281
402,0.00035684374558594837,0.9110821840179141
403,0.0003561101625856594,0.9114382941804997
404,0.0003550917038883708,0.9117933858843881
405,0.0003542252801459236,0.912147611164534
406,0.0003539693830150574,0.912501580547549
407,0.00035269303278930155,0.9128542735803383
408,0.00035196992840589973,0.9132062435087442
409,0.00035109218802987905,0.9135573356967741
410,0.00035010856892323563,0.9139074442656974
411,0.00034915278662974103,0.9142565970523271
412,0.0003489150905034012,0.9146055121428305
413,0.0003470049429063548,0.9149525170857369
414,0.00034500442388826964,0.9152975215096252
415,0.00034486793816595855,0.9156423894477911
416,0.00034397454782584066,0.915986363995617
417,0.0003435778549695736,0.9163299418505865
418,0.00034179059880016756,0.9166717324493866
419,0.00034141566178031303,0.917013148111167
420,0.00034007338338736687,0.9173532214945543
421,0.00033946359820091087,0.9176926850927553
422,0.0003385017163225173,0.9180311868090778
423,0.0003382468249205368,0.9183694336339984
424,0.00033748242831515727,0.9187069160623135
425,0.000336691520068717,0.9190436075823822
426,0.000335021139563465,0.9193786287219458
427,0.00033429538935765855,0.9197129241113035
428,0.0003330941875653505,0.9200460182988688
429,0.0003327746339177327,0.9203787929327866
430,0.0003316787916755135,0.9207104717244621
431,0.0003308805502449348,0.921041352274707
432,0.0003300823860199479,0.9213714346607269
433,0.00032950558674488224,0.9217009402474717
434,0.00032927401144514556,0.9220302142589168
435,0.0003286507547913504,0.9223588650137082
436,0.0003269339018497212,0.9226857989155579
437,0.0003266621938521848,0.92301246110941
438,0.00032520425959153474,0.9233376653690015
439,0.0003250331518482754,0.9236626985208498
440,0.00032395552200520654,0.9239866540428551
441,0.00032287461934694375,0.9243095286622021
442,0.0003216926172072558,0.9246312212794093
443,0.00032131073905646186,0.9249525320184658
444,0.0003201334773809611,0.9252726654958467
445,0.00031964608955303527,0.9255923115853998
446,0.00031844906215953766,0.9259107606475593
447,0.00031794287678606474,0.9262287035243454
448,0.00031692247803325645,0.9265456260023787
449,0.00031645650334703875,0.9268620825057257
450,0.0003156151690066495,0.9271776976747323
451,0.00031494744364432727,0.9274926451183767
452,0.0003138012704715262,0.9278064463888482
453,0.00031296694264391033,0.9281194133314922
454,0.00031252827679728216,0.9284319416082895
455,0.00031224227845628457,0.9287441838867457
456,0.00031164503601064335,0.9290558289227564
457,0.0003109871382118088,0.9293668160609682
458,0.00031054931966599005,0.9296773653806342
459,0.00031027262480674134,0.9299876380054409
460,0.00030938263692401833,0.930297020642365
461,0.0003091186690219577,0.9306061393113869
462,0.0003079231045706643,0.9309140624159575
463,0.00030676862585690836,0.9312208310418144
464,0.00030551932747115883,0.9315263503692855
465,0.00030479710113124594,0.9318311474704168
466,0.0003044532490247501,0.9321356007194416
467,0.0003037132694533639,0.9324393139888949
468,0.00030241156845338754,0.9327417255573482
469,0.00030199716279264696,0.9330437227201409
470,0.0003016364995944288,0.9333453592197354
471,0.00030046553558934455,0.9336458247553248
472,0.0002994510904247791,0.9339452758457495
473,0.00029886056020763513,0.9342441364059572
474,0.0002976714139007557,0.934541807819858
475,0.00029736616134867734,0.9348391739812066
476,0.0002969322194301628,0.9351361062006368
477,0.00029532265706783074,0.9354314288577046
478,0.0002947517638990577,0.9357261806216036
479,0.00029378046274129867,0.9360199610843449
480,0.0002932733799436194,0.9363132344642886
481,0.0002924386939558256,0.9366056731582444
482,0.0002912595808593797,0.9368969327391038
483,0.0002906052622599407,0.9371875380013638
484,0.00029010705741882746,0.9374776450587826
485,0.00028984594416163397,0.9377674910029442
486,0.0002887740854358129,0.93805626508838
487,0.0002882658825744974,0.9383445309709545
488,0.0002872715827672788,0.9386318025537218
489,0.00028691073959991845,0.9389187132933218
490,0.00028679420890186417,0.9392055075022236
491,0.0002854120322865815,0.9394909195345102
492,0.0002848329570387531,0.939775752491549
493,0.0002840926648273337,0.9400598451563763
494,0.00028342753764158023,0.9403432726940179
495,0.0002828889926515086,0.9406261616866693
496,0.00028248373215509814,0.9409086454188245
497,0.00028164728914637665,0.9411902927079708
498,0.00028090379248288145,0.9414711965004537
499,0.0002806028536588697,0.9417517993541126
500,0.0002800499363592471,0.9420318492904718
501,0.0002789390293778702,0.9423107883198497
502,0.00027848514984767363,0.9425892734696973
503,0.000277421380859992,0.9428666948505573
504,0.00027681511802267206,0.94314350996858
505,0.000276701377858474,0.9434202113464385
506,0.00027589711498004045,0.9436961084614185
507,0.0002750181154169256,0.9439711265768355
508,0.000274292491322896,0.9442454190681584
509,0.00027379621109538605,0.9445192152792538
510,0.0002731250530292376,0.944792340332283
511,0.00027296707647693675,0.9450653074087599
512,0.0002722448478014802,0.9453375522565615
513,0.00027183556232312925,0.9456093878188846
514,0.00027017112706354587,0.9458795589459481
515,0.0002700613458860017,0.9461496202918341
516,0.00026934398341617636,0.9464189642752503
517,0.00026836735236168474,0.946687331627612
518,0.0002676114317882177,0.9469549430594002
519,0.0002672177046333706,0.9472221607640335
520,0.00026714541748797035,0.9474893061815215
521,0.00026635826530317305,0.9477556644468247
522,0.0002653610910469916,0.9480210255378717
523,0.0002649438552325035,0.9482859693931042
524,0.0002643036609969647,0.9485502730541011
525,0.00026408332931737125,0.9488143563834185
526,0.00026259474707681865,0.9490769511304953
527,0.0002620453737528637,0.9493389965042481
528,0.00026173522206993777,0.9496007317263181
529,0.0002606936973905487,0.9498614254237087
530,0.0002599563764609517,0.9501213818001696
531,0.00025912393698085547,0.9503805057371505
532,0.00025861333580613793,0.9506391190729566
533,0.00025843978541361155,0.9508975588583702
534,0.00025785388062246677,0.9511554127389927
535,0.000257398653068512,0.9514128113920612
536,0.00025633370966303496,0.9516691451017243
537,0.0002556738006901743,0.9519248189024144
538,0.0002544200968518176,0.9521792389992663
539,0.0002543650126150539,0.9524336040118813
540,0.0002539902118072649,0.9526875942236885
541,0.00025331202809566886,0.9529409062517842
542,0.00025245754330157396,0.9531933637950858
543,0.0002518737610340195,0.9534452375561198
544,0.000251154017210363,0.9536963915733301
545,0.000251042063323477,0.9539474336366536
546,0.0002501449644178,0.9541975786010714
547,0.00024918231826048944,0.9544467609193319
548,0.000248694607419626,0.9546954555267515
549,0.00024797335400509793,0.9549434288807566
550,0.00024777125211762,0.9551912001328742
551,0.00024753674534600656,0.9554387368782202
552,0.00024670112920234256,0.9556854380074226
553,0.0002462571017289711,0.9559316951091515
554,0.0002455820692293676,0.956177277178381
555,0.00024494205717391464,0.9564222192355549
556,0.0002446302050147893,0.9566668494405697
557,0.0002439030793213963,0.9569107525198911
558,0.00024347367579213982,0.9571542261956832
559,0.00024283076463731544,0.9573970569603205
560,0.00024251726609609875,0.9576395742264167
561,0.00024144805951188542,0.9578810222859285
562,0.00024095556651648352,0.958121977852445
563,0.0002404931573222285,0.9583624710097672
564,0.00023972792066992717,0.9586021989304372
565,0.00023944215687951657,0.9588416410873167
566,0.0002387939638727853,0.9590804350511896
567,0.000238253835093937,0.9593186888862835
568,0.00023728360243296544,0.9595559724887164
569,0.00023683496882784076,0.9597928074575443
570,0.00023663698808680986,0.9600294444456311
571,0.0002353850236702642,0.9602648294693014
572,0.00023456158805800547,0.9604993910573594
573,0.00023420569630716042,0.9607335967536665
574,0.00023393024458462862,0.9609675269982512
575,0.00023342012827067652,0.9612009471265218
576,0.0002331988062443123,0.9614341459327661
577,0.00023212798606591663,0.961666273918832
578,0.00023101092681419651,0.9618972848456462
579,0.00023086335982104036,0.9621281482054672
580,0.00023030046312383815,0.9623584486685911
581,0.00022984748657970807,0.9625882961551708
582,0.00022863935960501348,0.9628169355147759
583,0.00022849308041021968,0.963045428595186
584,0.00022799243670513825,0.9632734210318912
585,0.00022748176016363584,0.9635009027920548
586,0.00022710669916459203,0.9637280094912194
587,0.0002264935035261484,0.9639545029947455
588,0.00022593244612879843,0.9641804354408743
589,0.00022510362715304753,0.9644055390680273
590,0.0002248846326674078,0.9646304237006947
591,0.000224238521485752,0.9648546622221805
592,0.00022373921393248713,0.965078401436113
593,0.0002226619476848743,0.9653010633837978
594,0.00022247558484370767,0.9655235389686415
595,0.00022186092656918682,0.9657453998952107
596,0.0002216905355387641,0.9659670904307495
597,0.00022076506835309916,0.9661878554991026
598,0.00022032695748282078,0.9664081824565854
599,0.00021973186629719918,0.9666279143228826
600,0.00021948055591904393,0.9668473948788017
601,0.0002188576887774312,0.967066252567579
602,0.00021814827859029147,0.9672844008461694
603,0.00021804529167113312,0.9675024461378405
604,0.00021739051572875116,0.9677198366535693
605,0.0002167120027311702,0.9679365486563005
606,0.0002162012896178135,0.9681527499459184
607,0.00021575301436570424,0.9683685029602841
608,0.00021559129588812534,0.9685840942561722
609,0.00021507044924655154,0.9687991647054187
610,0.00021485999105369841,0.9690140246964725
611,0.00021405135752348173,0.969228076053996
612,0.00021374755759694293,0.9694418236115929
613,0.0002129578448500188,0.9696547814564429
614,0.0002120851780406021,0.9698668666344835
615,0.0002112950974946163,0.9700781617319781
616,0.00021111187830809522,0.9702892736102863
617,0.0002103241601566899,0.9704995977704429
618,0.00020946353496594417,0.9707090613054089
619,0.00020907097677415286,0.970918132282183
620,0.00020824562407468982,0.9711263779062578
621,0.00020760889402683558,0.9713339868002846
622,0.00020725201369221167,0.9715412388139768
623,0.00020708064724132833,0.9717483194612181
624,0.00020683007604918168,0.9719551495372672
625,0.00020654440736753138,0.9721616939446348
626,0.0002054839980563649,0.9723671779426911
627,0.0002048378386795855,0.9725720157813708
628,0.00020447236829921223,0.97277648814967
629,0.00020407902434772858,0.9729805671740177
630,0.00020383103072040608,0.9731843982047381
631,0.00020348862324844324,0.9733878868279866
632,0.0002017864563932462,0.9735896732843798
633,0.00020139550310454,0.9737910687874843
634,0.00020114218834198883,0.9739922109758263
635,0.00020066981825592474,0.9741928807940823
636,0.00019975950221473525,0.974392640296297
637,0.00019937444810891206,0.9745920147444059
638,0.00019895789375744862,0.9747909726381634
639,0.00019808813032690185,0.9749890607684903
640,0.0001977869151739696,0.9751868476836643
641,0.0001970308060083609,0.9753838784896727
642,0.00019688133513472072,0.9755807598248074
643,0.00019623394822950544,0.975776993773037
644,0.00019573066031731715,0.9759727244333543
645,0.0001953700223851921,0.9761680944557395
646,0.00019484158872383735,0.9763629360444633
647,0.00019360975794767448,0.976556545802411
648,0.00019326835370256628,0.9767498141561136
649,0.00019246246012730644,0.9769422766162409
650,0.00019230742332622687,0.9771345840395671
651,0.0001918701666179937,0.9773264542061851
652,0.00019158642997233263,0.9775180406361574
653,0.0001910710297476932,0.9777091116659051
654,0.00019044768829086937,0.977899559354196
655,0.0001897060275694868,0.9780892653817655
656,0.00018917432822293704,0.9782784397099885
657,0.0001887978177347835,0.9784672375277232
658,0.00018847358683724355,0.9786557111145605
659,0.00018790825305000375,0.9788436193676106
660,0.00018687729133516363,0.9790304966589457
661,0.00018670438443697097,0.9792172010433827
662,0.00018610859248700216,0.9794033096358697
663,0.00018582193055457824,0.9795891315664244
664,0.00018554794859009457,0.9797746795150144
665,0.00018538447198380962,0.9799600639869982
666,0.00018511834612425,0.9801451823331224
667,0.0001848464341233591,0.9803300287672457
668,0.00018350229816437524,0.9805135310654101
669,0.0001833051156388252,0.9806968361810489
670,0.00018236054326232535,0.9808791967243112
671,0.00018177409101549798,0.9810609708153267
672,0.00018085259376088308,0.9812418234090876
673,0.00018057188924336365,0.981422395298331
674,0.00018022776961539776,0.9816026230679463
675,0.0001795674979912464,0.9817821905659375
676,0.00017910632981677998,0.9819612968957543
677,0.0001788634235849205,0.9821401603193393
678,0.00017834272530769805,0.982318503044647
679,0.0001776691048081429,0.9824961721494551
680,0.0001776037332528636,0.9826737758827079
681,0.00017639429016624508,0.9828501701728741
682,0.00017631277908998144,0.9830264829519642
683,0.00017538897363056791,0.9832018719255947
684,0.00017501778810251383,0.9833768897136972
685,0.0001743484457405829,0.9835512381594378
686,0.00017360675958643827,0.9837248449190242
687,0.00017308090897666804,0.983897925828001
688,0.00017295282291941995,0.9840708786509204
689,0.00017237099900267356,0.984243249649923
690,0.0001720353992700328,0.9844152850491931
691,0.0001713551827923029,0.9845866402319854
692,0.00017103708082134923,0.9847576773128067
693,0.00017058263359386803,0.9849282599464005
694,0.00017028374056718526,0.9850985436869677
695,0.0001695125111360994,0.9852680561981038
696,0.00016929427566726092,0.985437350473771
697,0.00016887693428633947,0.9856062274080574
698,0.0001683596988770855,0.9857745871069344
699,0.00016754182709042255,0.9859421289340249
700,0.00016699186488859633,0.9861091207989134
701,0.0001668919375680723,0.9862760127364815
702,0.0001667477140701549,0.9864427604505516
703,0.00016562711719031025,0.9866083875677418
704,0.00016533565318285688,0.9867737232209247
705,0.0001649038757458295,0.9869386270966706
706,0.00016389680136163841,0.9871025238980322
707,0.00016378454309680978,0.9872663084411291
708,0.00016339237625215432,0.9874297008173812
709,0.00016283416255776826,0.987592534979939
710,0.0001626132612736626,0.9877551482412127
711,0.00016174058556582305,0.9879168888267785
712,0.0001615843336086714,0.9880784731603872
713,0.0001610815672363202,0.9882395547276235
714,0.0001604881499302772,0.9884000428775538
715,0.0001601902666641297,0.9885602331442179
716,0.00015938193198763512,0.9887196150762055
717,0.0001588730119226296,0.9888784880881282
718,0.00015851754251056403,0.9890370056306388
719,0.0001577554048609217,0.9891947610354997
720,0.00015697918721861514,0.9893517402227183
721,0.00015638086176988743,0.9895081210844882
722,0.00015603665180642879,0.9896641577362946
723,0.00015553710844209038,0.9898196948447366
724,0.0001549545890404662,0.9899746494337771
725,0.0001544761815803854,0.9901291256153575
726,0.0001540471736773601,0.9902831727890349
727,0.0001536375934550105,0.9904368103824899
728,0.00015321143322059012,0.9905900218157104
729,0.00015262950460767774,0.9907426513203181
730,0.00015243820662128328,0.9908950895269394
731,0.0001514488707984986,0.9910465383977379
732,0.00015105315691623774,0.9911975915546541
733,0.00015073370910743565,0.9913483252637616
734,0.00015048115534167062,0.9914988064191033
735,0.00014957351377065166,0.9916483799328739
736,0.0001488419066333093,0.9917972218395072
737,0.0001483921313367496,0.991945613970844
738,0.00014814842777569967,0.9920937623986197
739,0.00014737961979896606,0.9922411420184186
740,0.0001469204012849116,0.9923880624197036
741,0.00014663960263648556,0.9925347020223401
742,0.0001460855823934327,0.9926807876047335
743,0.00014530308897254404,0.9928260906937061
744,0.0001448796102697397,0.9929709703039759
745,0.00014453607063315247,0.993115506374609
746,0.00014347244583315364,0.9932589788204421
747,0.00014328010995417128,0.9934022589303962
748,0.00014271285461219484,0.9935449717850084
749,0.0001415767018346041,0.993686548486843
750,0.0001414049290052588,0.9938279534158483
751,0.00014086372486875673,0.993968817140717
752,0.000140495591745729,0.9941093127324628
753,0.00013902885940305886,0.9942483415918659
754,0.00013837409919574493,0.9943867156910616
755,0.00013814996712421823,0.9945248656581859
756,0.00013802007388961956,0.9946628857320755
757,0.00013718557815584615,0.9948000713102314
758,0.0001363822754298008,0.9949364535856612
759,0.00013633695363181203,0.995072790539293
760,0.0001353062156212547,0.9952080967549143
761,0.00013447998953729006,0.9953425767444516
762,0.00013403545877329216,0.9954766122032249
763,0.00013351133592868158,0.9956101235391536
764,0.00013274697257004036,0.9957428705117236
765,0.00013203340254205442,0.9958749039142657
766,0.00013100036030725957,0.9960059042745729
767,0.00013098801253879136,0.9961368922871117
768,0.00013005886844816061,0.9962669511555599
769,0.00012920395796025075,0.9963961551135201
770,0.00012836791618650898,0.9965245230297066
771,0.00012814680704875144,0.9966526698367554
772,0.00012749701716142925,0.9967801668539168
773,0.00012709676930536666,0.9969072636232221
774,0.00012506554602795093,0.9970323291692501
775,0.000124462374496559,0.9971567915437467
776,0.00012427648770713158,0.9972810680314539
777,0.00012356481918960094,0.9974046328506435
778,0.0001229184467555775,0.9975275512973991
779,0.00012269059699711112,0.9976502418943962
780,0.00012246525086637817,0.9977727071452626
781,0.00012100751217040906,0.9978937146574329
782,0.00012033318877341743,0.9980140478462064
783,0.00011969643326457072,0.998133744279471
784,0.0001190696815101339,0.9982528139609811
785,0.00011752310848016481,0.9983703370694612
786,0.00011602171999625235,0.9984863587894575
787,0.00011539942454795797,0.9986017582140054
788,0.00011494463320970005,0.9987167028472151
789,0.00011305318326367171,0.9988297560304789
790,0.0001125025712239665,0.9989422586017028
791,0.00011172714630943163,0.9990539857480123
792,0.00011104464150704245,0.9991650303895193
793,0.00010898349630391529,0.9992740138858233
794,0.00010859689572998483,0.9993826107815532
795,0.00010768867920533624,0.9994902994607585
796,0.00010581763671891378,0.9995961170974774
797,0.00010451962707596293,0.9997006367245533
798,0.00010385655092882397,0.9998044932754822
799,9.841691109984618e-05,0.999902910186582
800,9.708981341944738e-05,1.0000000000000013
801,4.668081830260883e-34,1.0000000000000013
